# 出典: 国土地理院 (地理院タイル 標高タイル, cyberjapandata.gsi.go.jp)
# 地点: 中禅寺湖・千手ケ浜 (緯度36.736861, 経度139.476861, 観測者標高1269.0m [DEMタイルから自動取得]; 2026-09-06 Googleマップ表示位置に合わせ座標修正)
azimuth_deg,horizon_altitude_deg,distance_of_max_m
0,11.872,3300
1,12.400,3300
2,13.016,3300
3,13.646,3300
4,14.052,3300
5,14.594,3400
6,15.268,3400
7,15.782,3400
8,16.334,3400
9,16.789,3400
10,17.501,3500
11,17.822,3400
12,18.522,3400
13,18.545,3300
14,18.845,3300
15,18.949,3300
16,19.025,3300
17,19.198,3300
18,19.529,3300
19,19.904,3300
20,20.110,3300
21,20.329,2900
22,20.491,2900
23,20.506,2700
24,20.596,2600
25,20.694,2600
26,20.616,2600
27,20.360,2600
28,19.949,2600
29,19.398,2600
30,18.896,2500
31,18.344,2500
32,17.816,2500
33,17.450,2500
34,16.884,2500
35,16.177,2500
36,15.512,2400
37,15.091,2400
38,14.623,2400
39,14.039,2400
40,13.554,2400
41,12.827,2400
42,12.314,2400
43,11.839,2400
44,11.214,2400
45,10.729,2300
46,10.305,2100
47,9.906,2100
48,9.495,2100
49,8.782,2100
50,8.380,2000
51,8.139,2000
52,7.745,2000
53,7.388,2000
54,6.952,2000
55,6.442,2000
56,6.063,2000
57,5.760,2000
58,5.373,2000
59,5.073,2000
60,4.751,2000
61,4.383,1900
62,4.051,2000
63,3.817,2000
64,3.603,1900
65,3.351,2000
66,3.098,1900
67,2.853,1900
68,2.639,1900
69,2.454,1900
70,2.410,5000
71,2.128,5000
72,1.892,1900
73,1.648,1900
74,1.402,1900
75,1.231,1900
76,1.067,5700
77,0.931,4900
78,1.065,2700
79,1.143,2700
80,0.862,2700
81,0.480,2100
82,0.392,2100
83,0.332,2100
84,0.321,2100
85,0.302,2100
86,0.350,1900
87,0.561,1900
88,1.085,1900
89,1.546,1900
90,1.787,3300
91,1.827,1900
92,1.962,1900
93,2.001,1900
94,2.332,3200
95,2.740,2700
96,3.099,2700
97,3.344,2700
98,3.613,2700
99,3.940,2700
100,4.479,2800
101,4.936,2800
102,5.040,1800
103,5.775,1800
104,6.180,1800
105,6.305,1800
106,6.295,2400
107,6.813,2400
108,7.163,2400
109,7.385,2400
110,7.806,2200
111,8.162,2200
112,8.462,2200
113,8.676,2100
114,8.815,2100
115,8.749,2100
116,8.616,2100
117,8.705,2100
118,8.761,2100
119,8.878,2100
120,8.794,2200
121,8.884,2200
122,8.997,2200
123,9.115,2200
124,9.107,2200
125,9.071,2100
126,9.084,2100
127,8.837,2100
128,8.369,2000
129,8.068,2000
130,7.619,2400
131,7.395,2400
132,7.041,2400
133,6.949,1600
134,6.758,1600
135,6.355,1600
136,6.605,2600
137,6.208,2600
138,5.798,2600
139,5.579,2400
140,5.558,2400
141,5.434,2400
142,5.688,2300
143,6.046,2300
144,6.404,2200
145,6.796,2200
146,7.116,2300
147,7.659,2300
148,7.763,2300
149,7.814,2300
150,7.952,2300
151,7.986,2300
152,7.934,2300
153,7.785,2300
154,8.253,2300
155,8.338,2300
156,7.992,2300
157,7.611,2300
158,7.189,2400
159,7.256,2400
160,7.127,2400
161,6.944,2400
162,6.579,2300
163,6.604,2300
164,6.688,2300
165,6.707,2300
166,6.821,2300
167,7.080,2400
168,7.420,2400
169,7.907,2700
170,8.604,2700
171,9.107,2700
172,9.290,2700
173,9.306,2700
174,9.285,2700
175,8.902,2700
176,8.970,2800
177,9.035,2800
178,9.000,2900
179,8.940,2900
180,8.985,2900
181,9.326,2900
182,9.435,2900
183,9.333,2900
184,9.208,2900
185,8.904,2900
186,8.588,2900
187,8.488,2900
188,8.408,2900
189,8.003,2900
190,7.527,2800
191,6.954,2800
192,6.570,2700
193,6.806,2700
194,7.509,2600
195,8.090,2600
196,8.228,2600
197,8.362,2600
198,7.978,2600
199,7.359,2600
200,6.799,2700
201,6.583,2700
202,6.246,2700
203,6.053,2600
204,5.869,2700
205,5.228,2700
206,4.906,2500
207,4.650,2700
208,5.062,2700
209,4.872,2700
210,4.281,2600
211,3.978,2600
212,3.767,2600
213,3.549,2600
214,3.020,2600
215,2.860,2700
216,2.781,2700
217,2.991,2800
218,2.874,2800
219,3.002,2800
220,3.782,2800
221,4.412,2800
222,4.983,2800
223,5.610,2800
224,5.540,2800
225,5.682,2800
226,5.931,2800
227,5.815,2800
228,5.881,3100
229,6.298,3100
230,7.027,3100
231,7.638,3100
232,8.115,3100
233,8.230,3100
234,8.687,3200
235,8.837,3300
236,9.069,3400
237,8.944,3500
238,8.349,3500
239,7.850,3500
240,7.233,3500
241,7.001,3600
242,7.528,2000
243,7.639,2000
244,7.287,3400
245,7.765,3400
246,7.890,3300
247,7.785,3300
248,7.536,3900
249,7.357,3900
250,6.834,3900
251,7.002,2000
252,7.208,2000
253,7.229,1900
254,7.387,1900
255,7.407,1900
256,7.191,1900
257,6.884,5700
258,6.747,5600
259,6.705,5500
260,6.443,5400
261,6.197,5300
262,5.956,5200
263,5.805,5000
264,5.484,5100
265,5.074,5100
266,4.605,6000
267,4.225,6000
268,3.851,6000
269,3.250,6000
270,2.539,5900
271,2.740,9700
272,3.299,9700
273,3.078,9700
274,3.187,9600
275,3.574,9600
276,3.997,9400
277,4.093,9400
278,3.948,10900
279,3.980,11000
280,3.927,11100
281,3.851,11100
282,3.656,11200
283,3.867,11200
284,3.947,11400
285,4.216,11600
286,4.321,11500
287,4.279,11500
288,4.774,11500
289,4.844,11600
290,5.264,11800
291,5.169,11800
292,4.765,11300
293,4.640,11200
294,4.573,10600
295,4.736,11300
296,4.727,11200
297,5.093,11100
298,5.251,10900
299,5.462,10600
300,5.577,10500
301,5.859,10500
302,6.000,10400
303,6.015,10200
304,6.195,10200
305,6.271,10100
306,6.346,11200
307,6.479,11100
308,6.080,11300
309,5.950,10300
310,5.683,10300
311,5.749,10400
312,6.079,9800
313,6.157,9600
314,5.925,9600
315,5.504,9300
316,5.718,9100
317,5.412,9100
318,5.056,9000
319,4.741,9000
320,4.389,9000
321,3.977,2800
322,3.878,2800
323,4.119,13100
324,4.643,11600
325,4.873,11600
326,5.119,11700
327,4.662,11700
328,4.648,12000
329,4.666,11900
330,4.675,11700
331,4.527,11600
332,4.507,2200
333,4.906,2400
334,4.786,2400
335,4.537,2400
336,4.364,2300
337,4.436,2200
338,4.595,2200
339,4.825,2100
340,5.023,2200
341,5.230,2100
342,5.512,2200
343,5.808,2200
344,6.102,2200
345,6.308,2200
346,6.596,2200
347,6.930,2300
348,7.246,2300
349,7.621,2300
350,7.939,2300
351,8.177,2300
352,8.429,2400
353,8.805,2400
354,9.184,2500
355,9.495,2600
356,9.984,2500
357,10.453,2600
358,10.901,3300
359,11.323,3300
